,Sharpness,Contrast,NIQE,BRISQUE
0.1to0.1,18.49,70.6,13.13,10.24
0.1to0.2,9.93,39.78,30.31,5.41
0.1to0.3,10.38,43.21,26.97,8.87
0.1to0.4,10.14,42.77,40.37,8.71
0.1to0.5,9.98,40.45,16.8,15.09
0.1to0.6,9.87,38.36,34.31,13.66
0.1to0.7,9.68,34.1,36.34,15.11
0.1to0.8,8.97,29.7,31.95,7.96
0.1to0.9,9.35,29.49,43.72,12.55
0.1to1.0,8.85,25.57,31.96,14.17
0.1to1.1,8.83,23.89,37.18,15.83
0.1to1.2,9.06,23.79,41.56,15.78
0.1to1.3,8.88,24.76,33.42,17.46
0.1to1.4,8.63,20.01,46.72,16.02
0.1to1.5,8.48,22.32,49.5,14.18
0.1to1.6,8.05,17.76,46.79,14.25
0.1to1.7,7.74,15.74,26.24,18.96
0.1to1.8,7.6,16.78,30.32,9.73
0.1to1.9,7.82,13.65,40.23,17.07
0.1to2.0,7.72,13.83,44.15,19.58
0.1to2.1,7.72,13.18,46.52,18.38
0.1to2.2,7.55,13.54,35.22,22.6
0.1to2.3,7.64,13.79,49.57,22.69
0.1to2.4,7.61,13.38,32.88,20.21
0.1to2.5,7.64,14.82,44.57,19.8
0.1to2.6,7.83,15.05,24.06,17.59
0.1to2.7,8.41,17.7,41.53,20.32
0.1to2.8,9.47,20.0,20.96,25.69
0.1to2.9,9.52,22.32,51.69,22.56
0.1to3.0,9.6,22.13,45.56,14.45
0.2to0.1,12.45,22.49,19.42,35.06
0.2to0.2,19.17,67.51,14.64,15.49
0.2to0.3,15.81,56.76,23.88,23.92
0.2to0.4,16.19,63.02,16.75,23.09
0.2to0.5,15.15,53.39,39.06,11.41
0.2to0.6,14.79,53.05,16.06,16.38
0.2to0.7,15.96,50.94,39.59,34.42
0.2to0.8,15.15,48.62,28.79,28.18
0.2to0.9,15.8,52.11,26.65,29.48
0.2to1.0,14.38,45.46,19.36,34.61
0.2to1.1,14.91,48.89,13.75,31.15
0.2to1.2,14.4,47.25,15.61,26.55
0.2to1.3,14.84,48.91,14.05,34.04
0.2to1.4,14.81,51.55,17.58,30.01
0.2to1.5,15.23,49.31,20.17,37.28
0.2to1.6,14.6,50.31,18.12,35.6
0.2to1.7,15.4,46.31,17.36,47.4
0.2to1.8,16.06,51.18,18.75,41.82
0.2to1.9,17.55,50.27,18.3,53.79
0.2to2.0,16.57,51.18,17.75,44.48
0.2to2.1,16.79,50.75,15.63,41.19
0.2to2.2,17.77,52.82,18.76,48.37
0.2to2.3,18.13,48.28,29.49,54.09
0.2to2.4,16.91,48.8,13.16,43.51
0.2to2.5,17.19,47.8,17.39,46.57
0.2to2.6,18.02,46.45,20.76,43.55
0.2to2.7,17.42,42.46,21.31,45.95
0.2to2.8,17.76,44.42,16.8,36.17
0.2to2.9,16.7,38.98,17.44,42.84
0.2to3.0,13.67,27.92,16.49,35.54
0.3to0.1,15.63,32.98,19.64,29.73
0.3to0.2,14.06,42.81,16.07,23.37
0.3to0.3,19.35,64.45,16.66,19.36
0.3to0.4,17.87,70.0,15.85,14.52
0.3to0.5,17.4,75.98,17.07,26.79
0.3to0.6,17.59,76.57,20.06,37.72
0.3to0.7,17.42,74.3,28.55,28.12
0.3to0.8,17.03,73.2,24.16,24.0
0.3to0.9,18.05,77.38,27.57,30.88
0.3to1.0,16.51,75.55,31.69,46.02
0.3to1.1,16.61,74.52,26.75,27.46
0.3to1.2,16.75,74.08,33.83,25.89
0.3to1.3,17.89,75.77,23.66,32.47
0.3to1.4,17.89,76.82,22.22,34.55
0.3to1.5,17.54,78.18,23.9,23.94
0.3to1.6,18.49,72.17,22.13,22.36
0.3to1.7,16.33,75.83,30.74,49.22
0.3to1.8,18.57,73.13,27.45,20.35
0.3to1.9,15.93,71.55,32.06,43.42
0.3to2.0,16.24,72.04,34.19,29.86
0.3to2.1,18.2,70.71,24.73,21.84
0.3to2.2,16.75,76.23,35.74,27.83
0.3to2.3,16.05,73.7,34.45,34.86
0.3to2.4,16.15,71.4,28.15,22.9
0.3to2.5,16.02,71.25,41.95,39.59
0.3to2.6,15.36,64.32,58.1,23.89
0.3to2.7,15.71,61.91,40.39,13.42
0.3to2.8,14.84,54.93,50.7,13.74
0.3to2.9,14.5,43.0,21.7,24.16
0.3to3.0,14.62,39.35,20.53,17.87
0.4to0.1,16.04,31.68,42.83,29.25
0.4to0.2,14.45,34.36,42.8,17.87
0.4to0.3,15.07,45.93,18.81,25.3
0.4to0.4,19.33,64.36,13.71,8.91
0.4to0.5,18.89,73.11,16.16,22.73
0.4to0.6,18.94,73.94,25.21,18.8
0.4to0.7,17.2,75.6,27.98,24.3
0.4to0.8,16.82,74.68,33.81,27.2
0.4to0.9,17.96,72.39,18.11,33.63
0.4to1.0,17.22,76.31,42.52,26.17
0.4to1.1,16.99,75.18,25.44,23.4
0.4to1.2,16.2,72.46,42.54,24.48
0.4to1.3,16.2,72.34,44.5,42.5
0.4to1.4,16.58,74.49,29.41,31.14
0.4to1.5,16.05,72.83,35.81,38.68
0.4to1.6,16.31,72.02,34.25,44.58
0.4to1.7,16.17,72.69,30.8,45.42
0.4to1.8,16.42,74.11,43.6,35.51
0.4to1.9,15.99,70.64,47.57,34.11
0.4to2.0,16.54,71.59,37.18,33.59
0.4to2.1,17.42,73.76,38.08,25.18
0.4to2.2,16.11,71.76,34.46,43.09
0.4to2.3,16.45,70.86,40.74,28.44
0.4to2.4,16.3,67.51,40.74,25.73
0.4to2.5,16.55,72.15,31.54,42.36
0.4to2.6,16.86,64.07,31.2,15.34
0.4to2.7,16.09,61.7,34.17,51.38
0.4to2.8,15.2,57.13,35.9,34.04
0.4to2.9,17.42,53.78,24.29,5.21
0.4to3.0,15.85,41.63,21.48,17.78
0.5to0.1,16.18,31.87,29.33,22.31
0.5to0.2,13.95,32.48,18.83,28.83
0.5to0.3,13.51,37.53,17.57,23.69
0.5to0.4,14.75,45.53,23.77,16.64
0.5to0.5,19.12,64.42,11.87,14.7
0.5to0.6,20.55,73.06,19.09,20.56
0.5to0.7,21.27,77.27,17.55,13.7
0.5to0.8,20.66,81.76,19.21,12.15
0.5to0.9,22.83,81.96,15.17,12.69
0.5to1.0,22.24,82.5,15.74,20.23
0.5to1.1,21.04,84.36,33.32,16.02
0.5to1.2,22.1,85.58,22.33,58.24
0.5to1.3,21.22,86.95,30.3,55.05
0.5to1.4,20.75,86.23,22.11,40.61
0.5to1.5,21.28,86.72,27.21,49.33
0.5to1.6,21.54,86.47,25.29,31.41
0.5to1.7,21.25,87.67,24.33,51.55
0.5to1.8,20.87,86.87,24.72,67.63
0.5to1.9,20.79,86.61,27.55,63.64
0.5to2.0,21.04,86.67,25.64,51.99
0.5to2.1,21.81,86.62,29.33,43.23
0.5to2.2,21.41,85.29,26.73,29.75
0.5to2.3,21.27,86.88,24.39,50.68
0.5to2.4,21.86,85.26,21.92,14.16
0.5to2.5,21.39,85.75,33.97,49.63
0.5to2.6,22.37,83.58,31.41,9.4
0.5to2.7,24.08,82.4,18.13,27.13
0.5to2.8,24.18,80.29,20.83,5.3
0.5to2.9,25.41,73.99,28.06,7.67
0.5to3.0,23.82,69.04,16.18,5.17
0.6to0.1,15.36,29.8,25.73,27.24
0.6to0.2,15.05,35.54,18.4,27.43
0.6to0.3,13.87,37.68,21.62,26.67
0.6to0.4,13.58,38.55,16.58,22.44
0.6to0.5,16.33,52.51,18.56,20.73
0.6to0.6,18.82,62.1,15.22,16.22
0.6to0.7,19.27,67.66,22.24,20.0
0.6to0.8,20.85,74.76,33.15,15.29
0.6to0.9,22.24,73.33,18.61,21.17
0.6to1.0,22.44,76.01,23.37,13.45
0.6to1.1,22.54,82.27,18.6,30.35
0.6to1.2,22.47,80.9,13.57,25.43
0.6to1.3,21.02,84.78,26.56,20.37
0.6to1.4,20.72,84.65,22.36,33.55
0.6to1.5,21.11,84.02,28.17,16.52
0.6to1.6,21.19,84.83,22.1,31.37
0.6to1.7,23.26,80.82,13.95,28.42
0.6to1.8,20.72,80.29,32.98,14.51
0.6to1.9,21.35,80.81,16.0,12.79
0.6to2.0,22.03,79.9,13.42,20.95
0.6to2.1,20.53,79.9,25.29,9.27
0.6to2.2,22.72,79.46,16.15,18.36
0.6to2.3,19.18,79.32,87.98,65.41
0.6to2.4,19.91,79.84,56.2,48.04
0.6to2.5,24.09,76.51,17.16,6.89
0.6to2.6,21.94,76.26,14.45,16.42
0.6to2.7,24.33,67.41,21.78,17.24
0.6to2.8,23.91,64.21,14.9,12.94
0.6to2.9,24.65,59.2,17.59,20.73
0.6to3.0,22.65,51.59,22.29,26.16
0.7to0.1,12.28,22.79,19.29,35.32
0.7to0.2,15.31,53.55,24.38,23.7
0.7to0.3,15.39,53.8,41.0,11.48
0.7to0.4,14.24,51.31,22.3,19.28
0.7to0.5,13.45,50.54,22.16,12.72
0.7to0.6,15.74,57.63,15.57,26.99
0.7to0.7,19.0,64.36,15.19,10.8
0.7to0.8,20.33,67.7,14.11,28.64
0.7to0.9,21.14,66.63,14.21,24.36
0.7to1.0,21.8,67.36,17.14,8.65
0.7to1.1,22.65,71.56,13.8,3.01
0.7to1.2,22.9,73.22,17.4,0.55
0.7to1.3,23.39,75.87,14.5,6.42
0.7to1.4,23.5,75.49,14.31,17.06
0.7to1.5,23.1,76.35,27.25,1.49
0.7to1.6,23.0,75.57,16.97,14.6
0.7to1.7,23.33,77.21,17.24,9.18
0.7to1.8,23.57,77.34,22.75,11.32
0.7to1.9,22.57,80.84,14.39,25.77
0.7to2.0,23.4,79.24,18.89,8.68
0.7to2.1,20.83,81.64,22.12,32.47
0.7to2.2,22.21,78.48,16.23,28.85
0.7to2.3,20.58,79.17,29.35,39.37
0.7to2.4,20.77,78.72,24.47,9.71
0.7to2.5,24.94,74.16,16.48,15.25
0.7to2.6,23.12,73.82,16.46,14.53
0.7to2.7,25.09,68.43,13.51,16.25
0.7to2.8,24.82,62.32,13.56,14.52
0.7to2.9,24.41,57.24,18.89,33.25
0.7to3.0,23.4,52.95,12.63,27.24
0.8to0.1,11.97,24.4,30.4,21.01
0.8to0.2,12.37,53.84,44.12,19.14
0.8to0.3,13.82,48.8,29.33,17.48
0.8to0.4,12.61,49.18,32.94,18.58
0.8to0.5,13.28,51.89,21.84,13.48
0.8to0.6,14.56,55.66,17.75,21.49
0.8to0.7,15.43,56.99,28.26,18.4
0.8to0.8,18.56,64.55,14.97,14.68
0.8to0.9,19.76,65.84,17.9,29.91
0.8to1.0,20.92,69.85,11.54,21.44
0.8to1.1,21.81,71.24,13.66,23.97
0.8to1.2,22.38,71.37,12.97,18.55
0.8to1.3,22.87,71.97,12.58,29.14
0.8to1.4,22.69,71.9,14.12,24.6
0.8to1.5,22.91,71.97,14.21,15.52
0.8to1.6,23.7,74.75,18.96,6.75
0.8to1.7,23.42,78.21,17.88,1.13
0.8to1.8,24.24,76.69,21.39,-2.31
0.8to1.9,23.23,79.07,23.51,-7.15
0.8to2.0,23.95,77.66,21.18,4.44
0.8to2.1,20.34,79.86,36.79,46.91
0.8to2.2,22.13,78.78,14.38,0.18
0.8to2.3,21.83,78.72,16.07,-0.67
0.8to2.4,23.41,77.18,19.28,3.58
0.8to2.5,23.52,76.39,22.02,-5.43
0.8to2.6,24.49,73.67,22.55,4.81
0.8to2.7,25.35,68.55,15.36,20.77
0.8to2.8,23.83,64.55,13.77,21.64
0.8to2.9,24.48,57.96,18.73,29.54
0.8to3.0,23.33,52.65,26.94,20.97
0.9to0.1,12.01,23.65,19.03,30.41
0.9to0.2,14.4,43.51,37.35,25.35
0.9to0.3,14.07,42.81,59.87,22.6
0.9to0.4,12.24,42.04,24.7,26.13
0.9to0.5,12.51,49.21,33.67,10.94
0.9to0.6,14.03,53.61,23.08,18.48
0.9to0.7,14.82,56.2,28.65,16.7
0.9to0.8,15.41,58.07,13.38,23.1
0.9to0.9,18.32,65.03,19.13,7.5
0.9to1.0,19.29,66.23,12.64,17.74
0.9to1.1,21.03,70.71,15.46,13.99
0.9to1.2,21.0,71.23,15.05,17.05
0.9to1.3,22.25,73.46,14.69,16.93
0.9to1.4,22.35,71.89,13.0,13.25
0.9to1.5,22.94,73.98,13.32,17.11
0.9to1.6,23.16,75.89,17.1,4.61
0.9to1.7,20.92,79.6,24.67,2.79
0.9to1.8,23.7,78.14,19.6,-0.23
0.9to1.9,21.12,80.14,35.94,26.72
0.9to2.0,22.24,77.84,20.88,6.39
0.9to2.1,20.79,78.98,30.08,22.84
0.9to2.2,22.81,78.35,13.77,3.6
0.9to2.3,19.92,79.13,68.23,54.09
0.9to2.4,24.23,75.97,19.8,7.71
0.9to2.5,23.51,74.4,23.9,2.49
0.9to2.6,23.65,72.77,24.35,6.16
0.9to2.7,24.15,70.42,20.51,13.49
0.9to2.8,24.29,63.0,13.18,28.41
0.9to2.9,24.36,58.45,15.3,37.13
0.9to3.0,21.48,53.56,21.0,18.36
1.0to0.1,11.05,24.48,21.59,24.7
1.0to0.2,12.86,39.88,48.31,27.81
1.0to0.3,12.19,39.38,41.79,23.03
1.0to0.4,11.82,37.11,63.39,22.55
1.0to0.5,11.56,47.31,27.79,13.95
1.0to0.6,12.71,50.14,25.86,13.45
1.0to0.7,12.92,50.72,20.48,14.59
1.0to0.8,14.83,55.94,20.52,18.37
1.0to0.9,16.12,59.7,18.86,22.09
1.0to1.0,18.58,64.51,20.37,10.92
1.0to1.1,19.83,66.8,13.51,22.3
1.0to1.2,20.58,69.42,15.27,15.26
1.0to1.3,21.35,70.38,12.23,10.93
1.0to1.4,21.82,72.51,13.62,6.47
1.0to1.5,22.16,74.04,16.01,3.13
1.0to1.6,22.71,73.71,18.64,15.57
1.0to1.7,21.92,77.69,16.84,-1.74
1.0to1.8,22.92,76.98,14.0,-1.13
1.0to1.9,21.96,79.06,15.89,0.08
1.0to2.0,23.93,75.41,20.09,5.81
1.0to2.1,23.41,76.71,13.92,4.77
1.0to2.2,23.91,75.76,18.86,5.38
1.0to2.3,24.68,75.28,20.08,1.47
1.0to2.4,24.03,75.53,17.37,5.58
1.0to2.5,23.39,74.9,22.16,5.24
1.0to2.6,23.68,72.09,27.73,9.98
1.0to2.7,24.97,66.97,14.8,22.52
1.0to2.8,23.84,63.38,17.06,29.6
1.0to2.9,23.09,56.68,19.27,28.55
1.0to3.0,20.98,49.29,18.67,25.6
1.1to0.1,10.65,22.68,21.11,26.3
1.1to0.2,12.33,46.02,37.94,14.83
1.1to0.3,11.36,42.17,48.99,16.67
1.1to0.4,10.38,39.01,36.74,17.18
1.1to0.5,10.78,44.04,31.44,11.51
1.1to0.6,11.76,47.32,22.51,10.9
1.1to0.7,11.23,48.34,21.78,11.82
1.1to0.8,13.06,53.6,29.89,15.65
1.1to0.9,14.34,55.99,21.42,19.48
1.1to1.0,15.11,56.89,15.61,22.82
1.1to1.1,18.58,65.33,11.1,16.24
1.1to1.2,18.26,64.6,12.5,27.18
1.1to1.3,20.64,68.61,16.58,16.67
1.1to1.4,21.28,68.97,15.79,19.77
1.1to1.5,22.19,72.03,14.82,18.84
1.1to1.6,22.59,73.05,15.76,19.78
1.1to1.7,22.32,76.8,13.8,13.15
1.1to1.8,22.45,76.64,13.83,13.7
1.1to1.9,23.0,78.81,20.26,5.0
1.1to2.0,23.31,78.4,13.07,13.95
1.1to2.1,23.44,76.83,14.78,8.34
1.1to2.2,23.4,75.07,15.77,12.7
1.1to2.3,23.07,74.9,11.91,6.24
1.1to2.4,23.55,76.8,19.74,11.4
1.1to2.5,23.81,73.96,24.13,4.19
1.1to2.6,24.04,72.7,24.61,3.28
1.1to2.7,24.24,68.02,19.93,22.81
1.1to2.8,23.29,60.36,17.05,21.84
1.1to2.9,21.95,53.93,30.43,25.54
1.1to3.0,19.49,46.11,32.63,22.55
1.2to0.1,10.22,21.77,15.93,24.75
1.2to0.2,11.58,41.19,22.97,16.25
1.2to0.3,10.94,43.2,29.52,17.72
1.2to0.4,9.8,35.39,28.39,18.44
1.2to0.5,10.29,41.02,23.27,12.68
1.2to0.6,10.85,44.93,19.83,19.46
1.2to0.7,10.72,46.3,24.51,12.93
1.2to0.8,12.14,50.72,19.1,18.46
1.2to0.9,13.15,51.68,14.21,29.26
1.2to1.0,14.95,57.61,13.25,23.62
1.2to1.1,16.45,61.08,14.01,28.19
1.2to1.2,18.39,64.64,12.11,28.66
1.2to1.3,19.25,66.31,17.49,24.23
1.2to1.4,20.37,67.68,17.74,18.16
1.2to1.5,21.51,72.3,15.95,21.78
1.2to1.6,22.06,72.66,17.32,7.59
1.2to1.7,22.09,76.94,19.66,9.81
1.2to1.8,22.36,77.03,18.28,10.66
1.2to1.9,22.64,76.15,15.87,7.44
1.2to2.0,22.88,77.86,18.3,-5.2
1.2to2.1,22.15,78.26,19.14,-0.02
1.2to2.2,23.19,74.31,10.68,2.31
1.2to2.3,22.34,75.98,15.69,2.34
1.2to2.4,23.06,75.16,10.47,1.52
1.2to2.5,23.5,73.2,20.95,20.48
1.2to2.6,23.13,70.6,21.65,16.9
1.2to2.7,23.68,67.78,19.98,28.75
1.2to2.8,22.39,59.53,18.78,32.58
1.2to2.9,20.56,52.63,23.62,34.69
1.2to3.0,17.99,44.11,26.65,22.03
1.3to0.1,10.2,17.8,20.8,33.66
1.3to0.2,10.29,37.32,16.94,19.44
1.3to0.3,9.6,35.52,28.52,18.66
1.3to0.4,9.35,38.75,38.01,21.24
1.3to0.5,10.26,43.95,20.54,15.65
1.3to0.6,10.36,44.49,14.46,18.02
1.3to0.7,9.29,42.24,16.45,16.99
1.3to0.8,10.67,44.96,11.01,26.61
1.3to0.9,11.69,47.81,11.34,30.0
1.3to1.0,13.1,55.51,16.51,16.19
1.3to1.1,15.12,58.88,13.98,18.46
1.3to1.2,15.39,59.72,9.94,14.46
1.3to1.3,18.22,66.01,11.8,16.59
1.3to1.4,18.28,66.45,18.57,21.93
1.3to1.5,19.63,68.19,15.47,24.13
1.3to1.6,21.19,72.33,15.17,12.11
1.3to1.7,21.65,74.75,14.54,12.2
1.3to1.8,21.92,74.69,12.96,11.5
1.3to1.9,22.61,76.38,14.11,3.64
1.3to2.0,22.83,75.96,15.14,21.51
1.3to2.1,22.61,77.28,16.08,22.69
1.3to2.2,22.75,76.78,18.57,24.84
1.3to2.3,22.31,77.24,21.15,16.96
1.3to2.4,22.76,75.33,20.04,15.61
1.3to2.5,23.31,72.58,17.55,19.43
1.3to2.6,23.36,70.45,15.85,26.73
1.3to2.7,23.6,66.12,23.94,13.94
1.3to2.8,21.89,58.18,29.15,22.55
1.3to2.9,20.56,53.85,46.87,27.37
1.3to3.0,17.61,44.59,21.69,32.7
1.4to0.1,10.04,24.05,15.9,19.18
1.4to0.2,9.71,32.35,38.69,15.8
1.4to0.3,9.37,36.15,24.63,15.38
1.4to0.4,8.6,32.9,13.07,16.98
1.4to0.5,9.89,41.04,12.59,19.96
1.4to0.6,10.06,43.85,11.63,18.92
1.4to0.7,9.79,45.67,20.14,7.59
1.4to0.8,10.87,47.83,18.77,21.1
1.4to0.9,11.7,49.46,21.4,23.32
1.4to1.0,12.61,52.63,9.8,21.64
1.4to1.1,14.38,57.28,10.81,18.89
1.4to1.2,14.89,59.85,14.3,9.52
1.4to1.3,16.66,63.38,11.16,18.74
1.4to1.4,18.3,66.2,11.01,15.62
1.4to1.5,18.67,67.77,14.64,13.2
1.4to1.6,20.06,69.54,15.5,14.97
1.4to1.7,21.11,72.78,15.81,13.12
1.4to1.8,21.71,74.17,13.58,6.72
1.4to1.9,22.25,75.23,13.22,3.88
1.4to2.0,22.53,74.88,14.94,23.66
1.4to2.1,22.66,75.47,16.53,20.0
1.4to2.2,22.49,75.25,17.93,14.15
1.4to2.3,21.95,76.0,12.62,5.7
1.4to2.4,22.64,75.55,19.0,17.37
1.4to2.5,22.76,71.75,17.26,8.71
1.4to2.6,22.83,69.79,18.85,19.9
1.4to2.7,22.7,64.29,24.74,11.05
1.4to2.8,20.99,57.65,24.7,30.5
1.4to2.9,19.71,53.11,31.26,21.07
1.4to3.0,17.07,44.05,28.51,34.82
1.5to0.1,9.5,19.5,10.99,25.96
1.5to0.2,10.11,41.9,14.47,8.58
1.5to0.3,9.23,34.6,32.41,16.19
1.5to0.4,8.73,36.61,18.9,16.64
1.5to0.5,9.59,40.89,18.19,12.28
1.5to0.6,9.69,43.59,12.62,16.32
1.5to0.7,9.15,43.98,12.97,11.81
1.5to0.8,9.96,44.85,14.86,23.72
1.5to0.9,11.15,48.01,12.12,16.15
1.5to1.0,11.53,47.69,11.57,24.08
1.5to1.1,13.51,54.11,14.27,26.88
1.5to1.2,14.47,58.75,18.22,15.46
1.5to1.3,15.61,60.48,12.5,22.62
1.5to1.4,16.06,62.22,15.3,12.13
1.5to1.5,18.17,66.34,15.23,10.54
1.5to1.6,18.34,66.55,16.41,4.78
1.5to1.7,19.83,70.12,15.55,11.97
1.5to1.8,20.58,72.09,14.69,16.83
1.5to1.9,21.45,74.82,15.44,6.59
1.5to2.0,21.61,76.51,23.93,5.21
1.5to2.1,21.66,76.23,26.27,5.69
1.5to2.2,22.34,75.02,21.25,7.87
1.5to2.3,22.1,75.34,22.73,13.57
1.5to2.4,21.92,76.45,22.25,12.39
1.5to2.5,22.36,70.05,15.46,9.22
1.5to2.6,22.51,67.62,26.35,15.85
1.5to2.7,22.09,63.45,22.83,22.15
1.5to2.8,19.83,56.11,23.05,18.2
1.5to2.9,18.27,49.23,18.47,24.71
1.5to3.0,16.04,41.59,28.34,34.12
1.6to0.1,8.66,18.8,18.47,25.86
1.6to0.2,9.31,41.64,24.13,9.6
1.6to0.3,8.45,36.07,22.07,12.23
1.6to0.4,8.2,37.51,24.64,3.82
1.6to0.5,8.76,40.49,14.57,12.57
1.6to0.6,9.0,40.84,10.09,17.98
1.6to0.7,11.96,42.86,14.25,30.24
1.6to0.8,13.07,49.86,14.07,15.14
1.6to0.9,13.71,48.89,13.47,25.71
1.6to1.0,13.72,50.78,15.65,14.8
1.6to1.1,15.7,55.66,10.62,26.59
1.6to1.2,14.72,53.11,12.99,22.25
1.6to1.3,17.06,59.56,11.98,35.39
1.6to1.4,17.81,60.79,10.94,34.78
1.6to1.5,17.93,62.81,11.35,27.96
1.6to1.6,19.24,65.06,10.83,29.31
1.6to1.7,19.71,67.52,13.52,29.5
1.6to1.8,20.41,67.95,16.36,26.6
1.6to1.9,21.08,71.08,16.06,25.17
1.6to2.0,21.49,69.38,12.06,22.28
1.6to2.1,21.75,70.58,15.81,20.35
1.6to2.2,22.28,69.9,11.99,23.56
1.6to2.3,22.18,69.36,14.78,27.97
1.6to2.4,22.47,70.22,12.13,15.9
1.6to2.5,22.61,68.4,15.0,11.83
1.6to2.6,22.23,66.54,15.11,13.11
1.6to2.7,22.53,63.58,18.3,2.14
1.6to2.8,21.19,57.92,15.04,11.26
1.6to2.9,20.75,52.33,18.83,16.24
1.6to3.0,17.73,42.9,17.29,13.76
1.7to0.1,12.08,25.81,15.57,31.17
1.7to0.2,12.18,33.29,40.77,30.87
1.7to0.3,11.35,36.26,19.88,35.22
1.7to0.4,11.4,36.87,14.47,31.35
1.7to0.5,11.45,40.28,17.32,29.09
1.7to0.6,11.16,42.48,11.88,18.77
1.7to0.7,11.54,43.82,13.53,23.67
1.7to0.8,13.2,49.56,10.31,15.45
1.7to0.9,13.13,47.46,12.07,21.71
1.7to1.0,13.14,48.54,13.31,16.61
1.7to1.1,15.5,53.78,12.49,25.62
1.7to1.2,15.03,53.28,10.87,27.39
1.7to1.3,16.87,60.14,15.11,38.09
1.7to1.4,17.26,60.07,13.07,30.9
1.7to1.5,17.65,61.59,13.74,36.38
1.7to1.6,18.19,61.68,10.93,30.08
1.7to1.7,19.33,64.77,11.77,30.2
1.7to1.8,19.76,66.39,11.49,24.73
1.7to1.9,20.41,68.62,15.28,32.11
1.7to2.0,20.53,67.16,17.43,27.08
1.7to2.1,20.96,69.09,12.62,26.58
1.7to2.2,21.38,69.66,15.36,24.12
1.7to2.3,21.34,68.04,13.41,25.25
1.7to2.4,21.95,68.71,19.5,14.77
1.7to2.5,21.65,66.92,12.84,22.64
1.7to2.6,21.47,63.83,20.7,3.62
1.7to2.7,21.75,62.92,17.8,20.27
1.7to2.8,20.11,55.71,13.97,17.52
1.7to2.9,19.45,50.44,17.96,16.08
1.7to3.0,16.8,41.49,17.58,13.24
1.8to0.1,10.88,18.51,12.92,31.25
1.8to0.2,12.02,31.78,28.05,29.21
1.8to0.3,11.04,37.12,21.81,34.31
1.8to0.4,11.03,38.62,17.13,33.1
1.8to0.5,11.21,41.36,18.01,27.81
1.8to0.6,10.71,40.35,12.93,24.33
1.8to0.7,11.24,42.62,13.7,19.16
1.8to0.8,12.53,49.06,16.55,10.32
1.8to0.9,12.63,46.79,12.8,15.04
1.8to1.0,12.62,47.39,21.11,18.19
1.8to1.1,14.89,53.12,10.18,25.01
1.8to1.2,14.3,52.48,11.25,21.94
1.8to1.3,16.05,56.5,11.38,26.66
1.8to1.4,16.35,58.45,11.26,31.51
1.8to1.5,16.88,61.18,13.75,37.77
1.8to1.6,17.26,61.03,10.22,31.3
1.8to1.7,17.96,63.5,10.99,24.44
1.8to1.8,19.18,64.51,13.76,31.08
1.8to1.9,19.72,67.0,11.32,28.62
1.8to2.0,19.81,65.83,11.59,26.1
1.8to2.1,19.81,65.45,10.6,22.64
1.8to2.2,20.36,67.04,15.03,26.1
1.8to2.3,20.36,66.08,14.42,20.19
1.8to2.4,20.8,65.96,12.68,26.21
1.8to2.5,20.86,65.82,13.34,17.91
1.8to2.6,20.72,63.37,16.56,6.29
1.8to2.7,20.16,61.79,18.8,2.8
1.8to2.8,18.94,53.77,17.67,12.17
1.8to2.9,18.81,49.82,17.58,18.68
1.8to3.0,15.98,40.45,17.14,15.81
1.9to0.1,11.66,23.24,14.98,32.41
1.9to0.2,12.01,30.46,27.93,38.36
1.9to0.3,10.99,36.39,17.47,28.5
1.9to0.4,10.62,35.97,30.76,31.2
1.9to0.5,10.91,43.26,27.83,25.54
1.9to0.6,10.52,41.09,11.6,23.61
1.9to0.7,10.71,42.55,13.51,23.07
1.9to0.8,11.89,46.27,10.15,22.95
1.9to0.9,12.0,45.23,12.54,21.5
1.9to1.0,12.27,47.47,10.73,22.31
1.9to1.1,14.14,51.18,9.94,27.61
1.9to1.2,13.26,51.29,11.6,26.12
1.9to1.3,15.67,56.83,15.94,26.38
1.9to1.4,15.74,57.35,12.68,31.19
1.9to1.5,16.19,59.28,12.88,33.04
1.9to1.6,16.14,59.46,15.94,22.43
1.9to1.7,17.07,61.17,12.35,31.87
1.9to1.8,18.19,63.05,13.78,30.81
1.9to1.9,18.6,64.58,12.71,30.06
1.9to2.0,19.35,65.51,13.61,34.28
1.9to2.1,19.37,64.79,11.86,23.91
1.9to2.2,19.75,65.07,13.58,24.6
1.9to2.3,19.61,64.69,15.21,28.81
1.9to2.4,20.05,65.01,16.15,26.4
1.9to2.5,19.93,64.25,11.88,21.45
1.9to2.6,20.02,62.04,11.8,17.67
1.9to2.7,19.65,60.1,17.56,14.4
1.9to2.8,18.15,53.16,16.0,11.91
1.9to2.9,17.97,48.26,22.94,10.56
1.9to3.0,15.26,38.54,16.56,18.32
2.0to0.1,11.0,18.06,30.06,34.34
2.0to0.2,11.8,36.25,32.54,41.34
2.0to0.3,10.69,35.44,22.17,27.31
2.0to0.4,10.41,38.12,42.68,25.41
2.0to0.5,10.8,42.02,27.37,27.73
2.0to0.6,10.64,42.24,19.19,25.69
2.0to0.7,10.62,41.33,12.68,24.95
2.0to0.8,11.77,45.22,14.17,23.36
2.0to0.9,12.12,48.09,14.38,16.79
2.0to1.0,12.12,48.65,15.21,9.64
2.0to1.1,14.03,52.52,14.46,20.05
2.0to1.2,13.44,52.26,13.71,21.88
2.0to1.3,15.25,54.58,13.76,32.08
2.0to1.4,15.16,55.95,12.98,21.46
2.0to1.5,16.2,58.89,17.75,32.6
2.0to1.6,16.3,59.62,17.12,34.6
2.0to1.7,15.0,62.67,15.33,20.07
2.0to1.8,15.3,63.03,17.97,17.55
2.0to1.9,16.0,65.58,14.8,21.04
2.0to2.0,17.74,67.71,13.13,7.73
2.0to2.1,16.73,66.9,12.84,10.86
2.0to2.2,17.54,69.08,13.63,15.96
2.0to2.3,17.84,68.46,12.84,17.69
2.0to2.4,18.13,67.88,14.26,9.01
2.0to2.5,17.14,63.22,13.95,8.64
2.0to2.6,17.17,60.97,13.2,10.6
2.0to2.7,16.01,55.38,13.63,7.89
2.0to2.8,13.88,45.64,17.29,12.34
2.0to2.9,12.92,40.26,18.61,25.43
2.0to3.0,11.21,33.01,23.24,15.01
2.1to0.1,5.64,9.42,14.29,34.76
2.1to0.2,5.44,29.25,24.42,-2.25
2.1to0.3,4.76,27.85,14.89,-9.04
2.1to0.4,5.01,32.29,19.53,-3.51
2.1to0.5,5.63,34.05,24.7,12.0
2.1to0.6,6.17,36.9,13.96,27.59
2.1to0.7,6.44,37.14,12.16,22.81
2.1to0.8,7.46,40.69,12.28,29.55
2.1to0.9,8.22,42.46,10.83,32.38
2.1to1.0,9.02,45.59,9.87,32.11
2.1to1.1,10.19,49.32,15.91,34.33
2.1to1.2,10.71,50.58,12.67,35.63
2.1to1.3,11.82,54.62,13.45,32.02
2.1to1.4,12.18,54.86,16.1,35.5
2.1to1.5,12.84,57.15,14.81,35.15
2.1to1.6,13.33,59.0,13.54,34.28
2.1to1.7,14.4,63.06,12.99,30.59
2.1to1.8,14.72,63.01,11.73,25.85
2.1to1.9,15.4,64.77,12.86,28.68
2.1to2.0,15.79,64.58,14.2,24.88
2.1to2.1,17.72,67.99,12.52,8.51
2.1to2.2,16.75,68.23,16.49,19.43
2.1to2.3,16.98,68.34,13.64,16.47
2.1to2.4,17.24,66.69,13.66,10.76
2.1to2.5,16.43,65.25,14.66,8.19
2.1to2.6,16.27,61.65,12.52,9.99
2.1to2.7,15.24,55.98,16.35,15.33
2.1to2.8,13.21,46.92,15.66,15.24
2.1to2.9,12.02,40.26,15.95,15.57
2.1to3.0,10.54,33.27,17.0,13.6
2.2to0.1,4.47,7.33,24.15,19.37
2.2to0.2,4.14,21.33,15.39,-6.61
2.2to0.3,3.91,24.87,18.5,-3.07
2.2to0.4,4.03,28.75,31.59,4.24
2.2to0.5,4.63,31.88,26.76,26.7
2.2to0.6,5.29,35.05,31.72,40.56
2.2to0.7,5.96,37.25,24.43,41.84
2.2to0.8,6.9,40.51,17.06,44.71
2.2to0.9,7.67,43.18,21.69,43.14
2.2to1.0,8.63,46.72,26.79,43.04
2.2to1.1,9.65,50.24,29.77,40.88
2.2to1.2,10.22,51.94,35.89,40.02
2.2to1.3,11.15,54.98,32.82,38.19
2.2to1.4,11.45,55.26,33.34,32.31
2.2to1.5,12.03,57.15,31.64,31.78
2.2to1.6,12.49,58.42,29.39,31.48
2.2to1.7,13.45,61.53,22.52,29.22
2.2to1.8,13.57,61.06,26.73,26.9
2.2to1.9,14.25,63.53,32.33,29.24
2.2to2.0,14.48,63.6,32.17,25.75
2.2to2.1,14.9,65.16,31.39,25.82
2.2to2.2,17.65,67.83,12.57,6.77
2.2to2.3,15.65,66.88,28.62,24.52
2.2to2.4,15.63,65.22,27.68,21.01
2.2to2.5,14.74,60.44,23.77,14.4
2.2to2.6,14.49,57.13,21.26,13.17
2.2to2.7,13.53,52.48,19.27,9.37
2.2to2.8,11.66,43.41,21.36,7.48
2.2to2.9,10.57,37.58,19.26,7.91
2.2to3.0,9.11,31.05,17.84,7.31
2.3to0.1,4.14,7.24,15.39,15.65
2.3to0.2,3.82,20.57,16.19,-2.45
2.3to0.3,3.66,24.32,20.29,-2.8
2.3to0.4,3.84,28.97,27.34,13.54
2.3to0.5,4.49,32.41,33.39,29.85
2.3to0.6,5.26,35.97,31.86,47.35
2.3to0.7,6.01,38.38,33.48,48.75
2.3to0.8,6.98,41.91,31.05,47.81
2.3to0.9,7.72,44.3,35.89,44.39
2.3to1.0,8.76,48.06,38.51,41.88
2.3to1.1,9.7,51.16,52.44,38.81
2.3to1.2,10.36,53.26,59.92,39.11
2.3to1.3,11.21,56.16,57.92,39.05
2.3to1.4,11.5,56.37,49.63,31.08
2.3to1.5,12.08,58.21,42.85,34.49
2.3to1.6,12.52,59.59,39.56,29.25
2.3to1.7,13.47,62.49,31.36,28.4
2.3to1.8,13.56,62.0,28.42,28.75
2.3to1.9,14.21,64.39,34.99,29.67
2.3to2.0,14.46,64.6,38.45,28.65
2.3to2.1,14.83,65.98,32.34,26.45
2.3to2.2,15.45,67.99,34.25,26.28
2.3to2.3,17.65,67.86,12.85,8.06
2.3to2.4,15.43,66.05,34.65,26.67
2.3to2.5,14.46,60.75,25.18,16.1
2.3to2.6,14.21,57.34,25.52,14.3
2.3to2.7,13.21,52.89,24.54,13.19
2.3to2.8,11.33,43.67,22.16,9.32
2.3to2.9,10.23,37.92,21.06,10.77
2.3to3.0,8.8,31.26,17.82,9.92
2.4to0.1,4.14,7.61,14.77,15.69
2.4to0.2,3.92,22.32,20.37,-1.62
2.4to0.3,3.78,26.21,19.53,1.53
2.4to0.4,3.92,29.59,29.68,8.19
2.4to0.5,4.55,33.29,34.88,32.03
2.4to0.6,5.31,36.46,30.34,47.08
2.4to0.7,6.03,38.71,32.66,46.51
2.4to0.8,6.95,42.14,26.93,48.62
2.4to0.9,7.71,44.57,41.15,49.28
2.4to1.0,8.73,48.16,31.8,46.71
2.4to1.1,9.78,51.71,35.49,39.63
2.4to1.2,10.36,53.47,41.56,39.07
2.4to1.3,11.26,56.54,29.5,38.55
2.4to1.4,11.53,56.9,38.94,35.36
2.4to1.5,12.14,58.67,27.42,31.93
2.4to1.6,12.59,59.95,30.5,29.67
2.4to1.7,13.52,62.73,24.94,32.55
2.4to1.8,13.63,62.38,22.53,27.47
2.4to1.9,14.36,64.9,27.57,29.99
2.4to2.0,14.5,64.95,33.84,28.39
2.4to2.1,14.89,66.33,28.78,23.86
2.4to2.2,15.55,68.4,29.76,27.73
2.4to2.3,15.57,68.12,29.87,24.88
2.4to2.4,17.64,67.86,12.1,7.19
2.4to2.5,14.47,61.21,23.83,20.2
2.4to2.6,14.17,57.7,25.09,16.81
2.4to2.7,13.19,53.32,24.44,17.36
2.4to2.8,11.28,43.7,23.95,16.01
2.4to2.9,10.03,38.15,19.98,13.51
2.4to3.0,8.73,31.25,19.42,12.73
2.5to0.1,5.21,13.87,16.38,15.93
2.5to0.2,5.0,29.8,20.76,-8.42
2.5to0.3,4.44,28.41,30.38,-11.96
2.5to0.4,4.47,30.57,16.61,-15.57
2.5to0.5,5.03,31.76,25.35,11.35
2.5to0.6,5.9,36.02,15.73,26.8
2.5to0.7,6.41,38.4,15.1,28.91
2.5to0.8,7.28,40.38,16.52,36.49
2.5to0.9,8.15,43.43,15.23,41.13
2.5to1.0,9.1,47.3,21.09,35.06
2.5to1.1,10.36,51.78,17.46,38.63
2.5to1.2,10.77,51.86,16.4,36.81
2.5to1.3,12.03,56.08,15.18,36.84
2.5to1.4,12.28,55.32,13.88,39.12
2.5to1.5,13.02,57.85,14.55,33.91
2.5to1.6,13.46,59.97,14.01,30.79
2.5to1.7,14.44,64.39,13.85,28.98
2.5to1.8,14.67,64.04,13.08,32.75
2.5to1.9,15.54,65.93,12.72,25.57
2.5to2.0,15.87,65.24,13.31,26.95
2.5to2.1,16.03,67.71,14.12,27.84
2.5to2.2,16.79,69.44,15.6,29.87
2.5to2.3,16.78,70.2,15.71,26.41
2.5to2.4,16.95,68.01,13.25,18.07
2.5to2.5,17.69,67.97,12.9,7.8
2.5to2.6,15.28,62.7,17.1,21.75
2.5to2.7,14.18,55.82,16.22,21.97
2.5to2.8,12.24,45.31,15.2,14.53
2.5to2.9,11.12,41.39,17.53,14.4
2.5to3.0,9.36,34.26,16.77,10.23
2.6to0.1,5.03,11.36,18.66,25.24
2.6to0.2,4.73,27.94,20.41,-3.33
2.6to0.3,4.14,24.97,21.26,6.75
2.6to0.4,4.16,29.78,17.82,-2.07
2.6to0.5,4.8,31.51,10.39,15.85
2.6to0.6,5.73,35.89,11.98,28.62
2.6to0.7,6.1,34.83,13.39,39.38
2.6to0.8,7.36,41.36,17.07,40.06
2.6to0.9,8.13,43.7,18.56,43.45
2.6to1.0,9.15,47.59,18.86,46.31
2.6to1.1,10.45,52.6,19.08,41.71
2.6to1.2,11.09,53.89,19.22,41.01
2.6to1.3,12.08,56.19,15.0,39.22
2.6to1.4,12.45,57.5,16.76,36.11
2.6to1.5,13.12,59.43,15.57,36.94
2.6to1.6,13.74,62.23,16.86,33.83
2.6to1.7,14.61,66.71,16.25,32.33
2.6to1.8,14.8,66.89,17.76,31.4
2.6to1.9,15.6,68.46,16.84,33.36
2.6to2.0,15.91,67.98,14.21,28.35
2.6to2.1,16.17,70.78,16.39,26.17
2.6to2.2,16.85,72.27,16.46,24.2
2.6to2.3,16.97,72.53,16.33,22.8
2.6to2.4,16.83,71.3,18.94,23.04
2.6to2.5,15.48,67.8,21.68,22.9
2.6to2.6,17.68,68.0,13.0,7.67
2.6to2.7,14.26,58.76,16.36,20.66
2.6to2.8,12.14,45.13,18.35,20.6
2.6to2.9,10.76,41.03,16.8,13.37
2.6to3.0,9.05,33.68,17.47,16.27
2.7to0.1,5.94,12.19,20.7,29.25
2.7to0.2,5.18,28.18,18.45,-4.16
2.7to0.3,4.53,25.25,14.42,0.37
2.7to0.4,4.41,30.9,17.36,-5.39
2.7to0.5,5.28,33.94,13.37,19.11
2.7to0.6,5.72,33.34,13.66,25.64
2.7to0.7,6.51,38.06,14.28,24.24
2.7to0.8,8.0,44.04,16.6,43.25
2.7to0.9,8.79,45.6,13.32,31.77
2.7to1.0,9.41,47.15,19.76,46.01
2.7to1.1,10.71,51.31,16.75,41.67
2.7to1.2,11.11,51.73,15.64,43.62
2.7to1.3,12.27,55.96,14.66,36.87
2.7to1.4,12.58,55.78,13.73,34.8
2.7to1.5,13.41,58.45,14.72,35.67
2.7to1.6,14.13,61.73,18.95,34.12
2.7to1.7,15.23,66.23,23.88,38.48
2.7to1.8,15.65,67.43,15.27,27.16
2.7to1.9,16.41,70.06,19.66,33.01
2.7to2.0,16.72,68.87,17.03,32.77
2.7to2.1,17.04,67.96,17.51,36.59
2.7to2.2,17.63,71.91,21.67,31.51
2.7to2.3,17.7,72.34,26.83,31.82
2.7to2.4,18.02,70.25,16.71,26.97
2.7to2.5,16.44,66.97,15.36,25.79
2.7to2.6,16.35,64.29,18.84,25.65
2.7to2.7,17.65,67.59,12.35,6.5
2.7to2.8,12.82,47.0,20.64,16.22
2.7to2.9,11.49,40.83,15.83,23.72
2.7to3.0,9.71,33.57,20.35,25.14
2.8to0.1,6.4,19.53,16.17,18.73
2.8to0.2,5.98,24.96,13.43,17.8
2.8to0.3,5.6,24.62,18.67,11.58
2.8to0.4,5.32,27.41,32.63,14.44
2.8to0.5,6.01,32.43,19.66,3.25
2.8to0.6,6.99,37.01,24.79,3.2
2.8to0.7,7.23,37.65,34.04,18.85
2.8to0.8,8.44,41.85,13.49,30.04
2.8to0.9,9.05,38.85,14.89,33.47
2.8to1.0,9.85,43.05,20.63,25.9
2.8to1.1,11.24,45.48,19.54,36.95
2.8to1.2,11.78,50.23,20.57,40.62
2.8to1.3,12.74,54.96,16.74,47.2
2.8to1.4,13.06,53.0,17.69,42.22
2.8to1.5,13.9,55.34,13.72,46.06
2.8to1.6,14.87,58.54,14.12,40.88
2.8to1.7,16.11,64.92,22.66,34.19
2.8to1.8,16.54,67.52,15.87,26.56
2.8to1.9,17.89,67.8,31.39,29.91
2.8to2.0,17.91,70.37,31.07,35.16
2.8to2.1,18.5,69.88,25.94,33.84
2.8to2.2,19.0,75.78,17.52,35.79
2.8to2.3,19.3,75.98,16.33,28.23
2.8to2.4,19.34,75.91,16.18,32.29
2.8to2.5,18.04,69.51,15.33,35.98
2.8to2.6,18.49,69.05,15.16,30.96
2.8to2.7,16.97,56.39,17.89,40.09
2.8to2.8,17.72,67.42,12.37,8.74
2.8to2.9,13.75,42.04,11.13,25.54
2.8to3.0,11.29,31.5,15.67,32.29
2.9to0.1,7.12,17.23,23.92,21.94
2.9to0.2,6.4,29.46,17.24,12.91
2.9to0.3,6.63,30.81,15.0,16.19
2.9to0.4,6.42,31.54,22.31,14.71
2.9to0.5,6.98,38.81,34.53,9.88
2.9to0.6,7.29,41.45,36.07,19.83
2.9to0.7,7.82,44.89,28.74,14.47
2.9to0.8,9.1,47.84,22.12,21.49
2.9to0.9,9.67,48.43,15.94,21.22
2.9to1.0,10.37,47.93,16.79,29.34
2.9to1.1,11.81,52.48,14.92,35.63
2.9to1.2,12.24,50.71,12.49,36.68
2.9to1.3,13.28,56.06,21.28,39.06
2.9to1.4,13.52,54.43,23.24,36.83
2.9to1.5,14.45,57.25,23.79,35.57
2.9to1.6,15.6,61.4,22.8,39.37
2.9to1.7,16.22,64.83,16.82,29.12
2.9to1.8,16.27,65.51,18.35,33.08
2.9to1.9,17.59,67.04,20.96,39.93
2.9to2.0,17.72,65.04,23.84,39.95
2.9to2.1,18.15,70.97,23.65,31.54
2.9to2.2,19.47,70.33,29.32,31.37
2.9to2.3,19.48,74.13,23.92,30.8
2.9to2.4,19.76,72.3,19.15,30.58
2.9to2.5,17.85,66.36,13.41,33.28
2.9to2.6,17.72,62.88,14.26,35.79
2.9to2.7,17.13,58.47,14.44,32.59
2.9to2.8,16.11,47.28,14.91,34.85
2.9to2.9,17.68,67.43,12.0,7.54
2.9to3.0,12.79,38.09,19.2,30.17
3.0to0.1,7.03,13.0,16.79,23.96
3.0to0.2,7.71,33.93,15.07,29.19
3.0to0.3,7.53,38.04,44.17,19.23
3.0to0.4,6.72,40.52,21.66,11.95
3.0to0.5,6.74,41.12,17.4,11.1
3.0to0.6,7.01,40.57,31.41,16.93
3.0to0.7,7.9,44.4,24.24,17.59
3.0to0.8,8.88,47.09,27.42,30.81
3.0to0.9,9.61,47.96,18.07,26.64
3.0to1.0,10.77,46.65,20.83,43.0
3.0to1.1,12.09,51.37,15.7,33.57
3.0to1.2,12.38,51.19,27.62,38.11
3.0to1.3,13.66,55.78,13.15,35.14
3.0to1.4,13.65,49.44,16.67,33.49
3.0to1.5,14.81,56.21,13.53,33.09
3.0to1.6,15.74,64.48,14.48,19.02
3.0to1.7,16.54,63.26,17.21,24.9
3.0to1.8,16.65,60.67,23.83,25.45
3.0to1.9,17.2,63.58,13.89,23.45
3.0to2.0,17.72,64.01,15.45,20.7
3.0to2.1,17.95,65.34,24.53,25.09
3.0to2.2,19.44,77.48,28.99,11.41
3.0to2.3,18.92,75.3,13.65,13.17
3.0to2.4,19.57,70.6,25.48,23.06
3.0to2.5,18.08,67.85,24.11,8.9
3.0to2.6,18.06,63.43,24.5,15.12
3.0to2.7,16.75,58.53,25.47,20.29
3.0to2.8,14.79,49.79,19.67,28.61
3.0to2.9,14.12,41.25,17.62,34.62
3.0to3.0,17.66,67.29,12.12,5.95
